,TF doc1,TF doc2,TF doc3,DF,IDF,TF-IDF doc1,TF-IDF doc2,TF-IDF doc3
câncer,0.05704697986577181,0.03553299492385787,0.023121387283236993,28.0,0.0871501757189002,0.004971654319534575,0.003096706751433002,0.0020150329645988486
pulmão,0.03355704697986577,0.030456852791878174,0.023121387283236993,20.0,0.13469857389745624,0.00452008637239786,0.004102494636470748,0.003114417893582803
doença,0.003355704697986577,0.01015228426395939,0.0,3.0,0.47712125471966244,0.0016010780359720215,0.004843870606290989,0.0
maligna,0.006711409395973154,0.0,0.0,2.0,0.3679767852945943,0.0024696428543261365,0.0,0.0
comum,0.003355704697986577,0.0,0.0,1.0,0.47712125471966244,0.0016010780359720215,0.0,0.0
mundo,0.003355704697986577,0.0,0.0,1.0,0.47712125471966244,0.0016010780359720215,0.0,0.0
casos,0.010067114093959731,0.01015228426395939,0.011560693641618497,7.0,0.3010299956639812,0.003030503312053502,0.0030561420879592,0.003480115556809031
acordo,0.003355704697986577,0.005076142131979695,0.005780346820809248,3.0,0.47712125471966244,0.0016010780359720215,0.0024219353031454944,0.0027579263278593204
global,0.003355704697986577,0.0,0.0,1.0,0.47712125471966244,0.0016010780359720215,0.0,0.0
burden,0.003355704697986577,0.0,0.0,1.0,0.47712125471966244,0.0016010780359720215,0.0,0.0
of,0.003355704697986577,0.0,0.0,1.0,0.47712125471966244,0.0016010780359720215,0.0,0.0
disease,0.003355704697986577,0.0,0.0,1.0,0.47712125471966244,0.0016010780359720215,0.0,0.0
study,0.003355704697986577,0.0,0.0,1.0,0.47712125471966244,0.0016010780359720215,0.0,0.0
principal,0.006711409395973154,0.0,0.0,2.0,0.3679767852945943,0.0024696428543261365,0.0,0.0
causa,0.006711409395973154,0.0,0.0,2.0,0.3679767852945943,0.0024696428543261365,0.0,0.0
mortalidade,0.030201342281879196,0.0,0.011560693641618497,11.0,0.146128035678238,0.004413262822497121,0.0,0.001689341452927607
milhões,0.003355704697986577,0.0,0.0,1.0,0.47712125471966244,0.0016010780359720215,0.0,0.0
mortes,0.030201342281879196,0.0,0.0,9.0,0.146128035678238,0.004413262822497121,0.0,0.0
ano,0.003355704697986577,0.0,0.0,1.0,0.47712125471966244,0.0016010780359720215,0.0,0.0
tipos,0.003355704697986577,0.0,0.0,1.0,0.47712125471966244,0.0016010780359720215,0.0,0.0
apresenta,0.003355704697986577,0.005076142131979695,0.0,2.0,0.47712125471966244,0.0016010780359720215,0.0024219353031454944,0.0
taxa,0.006711409395973154,0.0,0.005780346820809248,3.0,0.3679767852945943,0.0024696428543261365,0.0,0.0021270334410092157
padronizada,0.006711409395973154,0.0,0.0,2.0,0.3679767852945943,0.0024696428543261365,0.0,0.0
idade,0.02348993288590604,0.0,0.005780346820809248,8.0,0.17609125905568124,0.004136371857012646,0.0,0.0010178685494548047
habitantes,0.02348993288590604,0.0,0.005780346820809248,8.0,0.17609125905568124,0.004136371857012646,0.0,0.0010178685494548047
brasil,0.026845637583892617,0.01015228426395939,0.017341040462427744,13.0,0.15970084286751188,0.004287270949463406,0.001621328353984892,0.002769378778049339
instituto,0.003355704697986577,0.0,0.0,1.0,0.47712125471966244,0.0016010780359720215,0.0,0.0
nacional,0.006711409395973154,0.005076142131979695,0.0,3.0,0.3679767852945943,0.0024696428543261365,0.0018679024634243365,0.0
inca,0.003355704697986577,0.0,0.0,1.0,0.47712125471966244,0.0016010780359720215,0.0,0.0
estimou,0.003355704697986577,0.0,0.0,1.0,0.47712125471966244,0.0016010780359720215,0.0,0.0
neoplasia,0.003355704697986577,0.0,0.0,1.0,0.47712125471966244,0.0016010780359720215,0.0,0.0
primária,0.003355704697986577,0.0,0.0,1.0,0.47712125471966244,0.0016010780359720215,0.0,0.0
incidência,0.006711409395973154,0.0,0.0,2.0,0.3679767852945943,0.0024696428543261365,0.0,0.0
homens,0.026845637583892617,0.0,0.0,8.0,0.15970084286751188,0.004287270949463406,0.0,0.0
mulheres,0.026845637583892617,0.0,0.0,8.0,0.15970084286751188,0.004287270949463406,0.0,0.0
país,0.006711409395973154,0.005076142131979695,0.011560693641618497,5.0,0.3679767852945943,0.0024696428543261365,0.0018679024634243365,0.004254066882018431
figura,0.006711409395973154,0.0,0.0,2.0,0.3679767852945943,0.0024696428543261365,0.0,0.0
países,0.006711409395973154,0.005076142131979695,0.0,3.0,0.3679767852945943,0.0024696428543261365,0.0018679024634243365,0.0
sobrevida,0.003355704697986577,0.005076142131979695,0.0,2.0,0.47712125471966244,0.0016010780359720215,0.0024219353031454944,0.0
anos,0.010067114093959731,0.01015228426395939,0.005780346820809248,6.0,0.3010299956639812,0.003030503312053502,0.0030561420879592,0.0017400577784045155
semelhante,0.003355704697986577,0.005076142131979695,0.0,2.0,0.47712125471966244,0.0016010780359720215,0.0024219353031454944,0.0
taxas,0.013422818791946308,0.015228426395939087,0.005780346820809248,8.0,0.25527250510330607,0.0034264765785678667,0.0038873985548726815,0.0014755636133139077
globais,0.003355704697986577,0.0,0.0,1.0,0.47712125471966244,0.0016010780359720215,0.0,0.0
variam,0.003355704697986577,0.0,0.0,1.0,0.47712125471966244,0.0016010780359720215,0.0,0.0
padronizadas,0.003355704697986577,0.0,0.0,1.0,0.47712125471966244,0.0016010780359720215,0.0,0.0
respectivamente,0.010067114093959731,0.01015228426395939,0.0,5.0,0.3010299956639812,0.003030503312053502,0.0030561420879592,0.0
aumentou,0.006711409395973154,0.0,0.0,2.0,0.3679767852945943,0.0024696428543261365,0.0,0.0
brutas,0.003355704697986577,0.0,0.0,1.0,0.47712125471966244,0.0016010780359720215,0.0,0.0
ajustadas,0.003355704697986577,0.0,0.0,1.0,0.47712125471966244,0.0016010780359720215,0.0,0.0
diferiram,0.003355704697986577,0.0,0.0,1.0,0.47712125471966244,0.0016010780359720215,0.0,0.0
magnitude,0.003355704697986577,0.0,0.0,1.0,0.47712125471966244,0.0016010780359720215,0.0,0.0
períodos,0.003355704697986577,0.0,0.0,1.0,0.47712125471966244,0.0016010780359720215,0.0,0.0
aumento,0.003355704697986577,0.0,0.0,1.0,0.47712125471966244,0.0016010780359720215,0.0,0.0
relativo,0.003355704697986577,0.0,0.0,1.0,0.47712125471966244,0.0016010780359720215,0.0,0.0
significativo,0.003355704697986577,0.0,0.0,1.0,0.47712125471966244,0.0016010780359720215,0.0,0.0
vs,0.003355704697986577,0.005076142131979695,0.0,2.0,0.47712125471966244,0.0016010780359720215,0.0024219353031454944,0.0
provavelmente,0.003355704697986577,0.0,0.005780346820809248,2.0,0.47712125471966244,0.0016010780359720215,0.0,0.0027579263278593204
virtude,0.003355704697986577,0.0,0.005780346820809248,2.0,0.47712125471966244,0.0016010780359720215,0.0,0.0027579263278593204
diferenças,0.003355704697986577,0.0,0.005780346820809248,2.0,0.47712125471966244,0.0016010780359720215,0.0,0.0027579263278593204
prevalência,0.013422818791946308,0.01015228426395939,0.0,6.0,0.25527250510330607,0.0034264765785678667,0.0025915990365817875,0.0
tabagismo,0.020134228187919462,0.0,0.0,6.0,0.1962946451439682,0.003952241177395332,0.0,0.0
aumentaram,0.003355704697986577,0.005076142131979695,0.0,2.0,0.47712125471966244,0.0016010780359720215,0.0024219353031454944,0.0
igual,0.003355704697986577,0.0,0.0,1.0,0.47712125471966244,0.0016010780359720215,0.0,0.0
superior,0.003355704697986577,0.0,0.0,1.0,0.47712125471966244,0.0016010780359720215,0.0,0.0
idades,0.003355704697986577,0.0,0.0,1.0,0.47712125471966244,0.0016010780359720215,0.0,0.0
saúde,0.016778523489932886,0.005076142131979695,0.017341040462427744,9.0,0.22184874961635634,0.003722294456650274,0.0011261357848546007,0.003847088143636237
brasileiro,0.003355704697986577,0.005076142131979695,0.0,2.0,0.47712125471966244,0.0016010780359720215,0.0024219353031454944,0.0
dividido,0.003355704697986577,0.0,0.0,1.0,0.47712125471966244,0.0016010780359720215,0.0,0.0
cobertura,0.006711409395973154,0.0,0.0,2.0,0.3679767852945943,0.0024696428543261365,0.0,0.0
privada,0.003355704697986577,0.0,0.0,1.0,0.47712125471966244,0.0016010780359720215,0.0,0.0
pública,0.006711409395973154,0.0,0.0,2.0,0.3679767852945943,0.0024696428543261365,0.0,0.0
discutido,0.003355704697986577,0.0,0.0,1.0,0.47712125471966244,0.0016010780359720215,0.0,0.0
adiante,0.003355704697986577,0.0,0.0,1.0,0.47712125471966244,0.0016010780359720215,0.0,0.0
presente,0.003355704697986577,0.0,0.0,1.0,0.47712125471966244,0.0016010780359720215,0.0,0.0
análise,0.003355704697986577,0.0,0.0,1.0,0.47712125471966244,0.0016010780359720215,0.0,0.0
evidente,0.003355704697986577,0.0,0.0,1.0,0.47712125471966244,0.0016010780359720215,0.0,0.0
discrepância,0.003355704697986577,0.0,0.0,1.0,0.47712125471966244,0.0016010780359720215,0.0,0.0
significativa,0.006711409395973154,0.0,0.0,2.0,0.3679767852945943,0.0024696428543261365,0.0,0.0
público,0.003355704697986577,0.0,0.011560693641618497,3.0,0.47712125471966244,0.0016010780359720215,0.0,0.005515852655718641
privado,0.003355704697986577,0.0,0.0,1.0,0.47712125471966244,0.0016010780359720215,0.0,0.0
tocante,0.003355704697986577,0.0,0.005780346820809248,2.0,0.47712125471966244,0.0016010780359720215,0.0,0.0027579263278593204
disponibilidade,0.003355704697986577,0.0,0.005780346820809248,2.0,0.47712125471966244,0.0016010780359720215,0.0,0.0027579263278593204
recursos,0.003355704697986577,0.0,0.0,1.0,0.47712125471966244,0.0016010780359720215,0.0,0.0
desfechos,0.003355704697986577,0.005076142131979695,0.0,2.0,0.47712125471966244,0.0016010780359720215,0.0024219353031454944,0.0
paciente,0.003355704697986577,0.0,0.0,1.0,0.47712125471966244,0.0016010780359720215,0.0,0.0
tendências,0.003355704697986577,0.0,0.0,1.0,0.47712125471966244,0.0016010780359720215,0.0,0.0
refletem,0.003355704697986577,0.0,0.0,1.0,0.47712125471966244,0.0016010780359720215,0.0,0.0
modelo,0.003355704697986577,0.0,0.0,1.0,0.47712125471966244,0.0016010780359720215,0.0,0.0
epidemiológico,0.003355704697986577,0.005076142131979695,0.0,2.0,0.47712125471966244,0.0016010780359720215,0.0024219353031454944,0.0
relacionada,0.006711409395973154,0.0,0.0,2.0,0.3679767852945943,0.0024696428543261365,0.0,0.0
tabaco,0.016778523489932886,0.0,0.0,5.0,0.22184874961635634,0.003722294456650274,0.0,0.0
uso,0.003355704697986577,0.0,0.0,1.0,0.47712125471966244,0.0016010780359720215,0.0,0.0
durante,0.003355704697986577,0.0,0.0,1.0,0.47712125471966244,0.0016010780359720215,0.0,0.0
décadas,0.003355704697986577,0.0,0.0,1.0,0.47712125471966244,0.0016010780359720215,0.0,0.0
atingiu,0.003355704697986577,0.0,0.0,1.0,0.47712125471966244,0.0016010780359720215,0.0,0.0
década,0.003355704697986577,0.005076142131979695,0.0,2.0,0.47712125471966244,0.0016010780359720215,0.0024219353031454944,0.0
fortes,0.003355704697986577,0.0,0.0,1.0,0.47712125471966244,0.0016010780359720215,0.0,0.0
políticas,0.006711409395973154,0.0,0.0,2.0,0.3679767852945943,0.0024696428543261365,0.0,0.0
resultaram,0.003355704697986577,0.0,0.0,1.0,0.47712125471966244,0.0016010780359720215,0.0,0.0
redução,0.003355704697986577,0.0,0.0,1.0,0.47712125471966244,0.0016010780359720215,0.0,0.0
consumo,0.006711409395973154,0.0,0.0,2.0,0.3679767852945943,0.0024696428543261365,0.0,0.0
servir,0.003355704697986577,0.0,0.0,1.0,0.47712125471966244,0.0016010780359720215,0.0,0.0
baixa,0.003355704697986577,0.0,0.0,1.0,0.47712125471966244,0.0016010780359720215,0.0,0.0
média,0.003355704697986577,0.0,0.0,1.0,0.47712125471966244,0.0016010780359720215,0.0,0.0
renda,0.003355704697986577,0.0,0.0,1.0,0.47712125471966244,0.0016010780359720215,0.0,0.0
estudos,0.003355704697986577,0.0,0.0,1.0,0.47712125471966244,0.0016010780359720215,0.0,0.0
conduzidos,0.003355704697986577,0.0,0.0,1.0,0.47712125471966244,0.0016010780359720215,0.0,0.0
indicam,0.003355704697986577,0.0,0.0,1.0,0.47712125471966244,0.0016010780359720215,0.0,0.0
relacionadas,0.006711409395973154,0.0,0.0,2.0,0.3679767852945943,0.0024696428543261365,0.0,0.0
diminuíram,0.003355704697986577,0.005076142131979695,0.0,2.0,0.47712125471966244,0.0016010780359720215,0.0024219353031454944,0.0
aproximadamente,0.003355704697986577,0.005076142131979695,0.017341040462427744,5.0,0.47712125471966244,0.0016010780359720215,0.0024219353031454944,0.008273778983577961
dados,0.010067114093959731,0.030456852791878174,0.028901734104046242,14.0,0.3010299956639812,0.003030503312053502,0.0091684262638776,0.008700288892022578
provenientes,0.003355704697986577,0.005076142131979695,0.0,2.0,0.47712125471966244,0.0016010780359720215,0.0024219353031454944,0.0
estudo,0.003355704697986577,0.01015228426395939,0.0,3.0,0.47712125471966244,0.0016010780359720215,0.004843870606290989,0.0
vigilância,0.003355704697986577,0.0,0.0,1.0,0.47712125471966244,0.0016010780359720215,0.0,0.0
telefone,0.003355704697986577,0.0,0.0,1.0,0.47712125471966244,0.0016010780359720215,0.0,0.0
fatores,0.010067114093959731,0.0,0.0,3.0,0.3010299956639812,0.003030503312053502,0.0,0.0
risco,0.006711409395973154,0.0,0.0,2.0,0.3679767852945943,0.0024696428543261365,0.0,0.0
doenças,0.010067114093959731,0.0,0.005780346820809248,4.0,0.3010299956639812,0.003030503312053502,0.0,0.0017400577784045155
crônicas,0.003355704697986577,0.0,0.0,1.0,0.47712125471966244,0.0016010780359720215,0.0,0.0
proteção,0.003355704697986577,0.0,0.0,1.0,0.47712125471966244,0.0016010780359720215,0.0,0.0
mostraram,0.003355704697986577,0.0,0.0,1.0,0.47712125471966244,0.0016010780359720215,0.0,0.0
fumantes,0.006711409395973154,0.0,0.0,2.0,0.3679767852945943,0.0024696428543261365,0.0,0.0
porcentagens,0.003355704697986577,0.005076142131979695,0.0,2.0,0.47712125471966244,0.0016010780359720215,0.0024219353031454944,0.0
principais,0.003355704697986577,0.0,0.0,1.0,0.47712125471966244,0.0016010780359720215,0.0,0.0
componentes,0.003355704697986577,0.0,0.0,1.0,0.47712125471966244,0.0016010780359720215,0.0,0.0
brasileiras,0.003355704697986577,0.0,0.0,1.0,0.47712125471966244,0.0016010780359720215,0.0,0.0
antitabaco,0.003355704697986577,0.0,0.0,1.0,0.47712125471966244,0.0016010780359720215,0.0,0.0
proibição,0.003355704697986577,0.0,0.0,1.0,0.47712125471966244,0.0016010780359720215,0.0,0.0
locais,0.003355704697986577,0.0,0.0,1.0,0.47712125471966244,0.0016010780359720215,0.0,0.0
públicos,0.003355704697986577,0.005076142131979695,0.0,2.0,0.47712125471966244,0.0016010780359720215,0.0024219353031454944,0.0
impostos,0.003355704697986577,0.0,0.0,1.0,0.47712125471966244,0.0016010780359720215,0.0,0.0
altos,0.003355704697986577,0.0,0.0,1.0,0.47712125471966244,0.0016010780359720215,0.0,0.0
produtos,0.003355704697986577,0.0,0.0,1.0,0.47712125471966244,0.0016010780359720215,0.0,0.0
alertas,0.003355704697986577,0.0,0.0,1.0,0.47712125471966244,0.0016010780359720215,0.0,0.0
rótulos,0.003355704697986577,0.0,0.0,1.0,0.47712125471966244,0.0016010780359720215,0.0,0.0
embalagens,0.003355704697986577,0.0,0.0,1.0,0.47712125471966244,0.0016010780359720215,0.0,0.0
cigarros,0.003355704697986577,0.0,0.0,1.0,0.47712125471966244,0.0016010780359720215,0.0,0.0
apesar,0.003355704697986577,0.0,0.0,1.0,0.47712125471966244,0.0016010780359720215,0.0,0.0
diminuição,0.003355704697986577,0.0,0.0,1.0,0.47712125471966244,0.0016010780359720215,0.0,0.0
pesquisas,0.003355704697986577,0.0,0.0,1.0,0.47712125471966244,0.0016010780359720215,0.0,0.0
nacionais,0.003355704697986577,0.0,0.0,1.0,0.47712125471966244,0.0016010780359720215,0.0,0.0
crianças,0.003355704697986577,0.0,0.0,1.0,0.47712125471966244,0.0016010780359720215,0.0,0.0
mostram,0.003355704697986577,0.0,0.0,1.0,0.47712125471966244,0.0016010780359720215,0.0,0.0
população,0.006711409395973154,0.0,0.005780346820809248,3.0,0.3679767852945943,0.0024696428543261365,0.0,0.0021270334410092157
jovem,0.003355704697986577,0.0,0.0,1.0,0.47712125471966244,0.0016010780359720215,0.0,0.0
diversas,0.003355704697986577,0.0,0.0,1.0,0.47712125471966244,0.0016010780359720215,0.0,0.0
cidades,0.003355704697986577,0.0,0.011560693641618497,3.0,0.47712125471966244,0.0016010780359720215,0.0,0.005515852655718641
continuam,0.003355704697986577,0.0,0.0,1.0,0.47712125471966244,0.0016010780359720215,0.0,0.0
fardo,0.003355704697986577,0.0,0.0,1.0,0.47712125471966244,0.0016010780359720215,0.0,0.0
econômica,0.003355704697986577,0.0,0.0,1.0,0.47712125471966244,0.0016010780359720215,0.0,0.0
estima,0.003355704697986577,0.0,0.0,1.0,0.47712125471966244,0.0016010780359720215,0.0,0.0
se,0.003355704697986577,0.005076142131979695,0.005780346820809248,3.0,0.47712125471966244,0.0016010780359720215,0.0024219353031454944,0.0027579263278593204
fração,0.003355704697986577,0.0,0.0,1.0,0.47712125471966244,0.0016010780359720215,0.0,0.0
atribuível,0.003355704697986577,0.0,0.0,1.0,0.47712125471966244,0.0016010780359720215,0.0,0.0
carga,0.003355704697986577,0.0,0.0,1.0,0.47712125471966244,0.0016010780359720215,0.0,0.0
relevantes,0.003355704697986577,0.0,0.0,1.0,0.47712125471966244,0.0016010780359720215,0.0,0.0
reforçar,0.003355704697986577,0.0,0.0,1.0,0.47712125471966244,0.0016010780359720215,0.0,0.0
papel,0.003355704697986577,0.0,0.0,1.0,0.47712125471966244,0.0016010780359720215,0.0,0.0
controle,0.003355704697986577,0.0,0.0,1.0,0.47712125471966244,0.0016010780359720215,0.0,0.0
respeito,0.003355704697986577,0.01015228426395939,0.005780346820809248,4.0,0.47712125471966244,0.0016010780359720215,0.004843870606290989,0.0027579263278593204
relacionado,0.003355704697986577,0.0,0.0,1.0,0.47712125471966244,0.0016010780359720215,0.0,0.0
exposição,0.010067114093959731,0.0,0.0,3.0,0.3010299956639812,0.003030503312053502,0.0,0.0
amianto,0.003355704697986577,0.0,0.0,1.0,0.47712125471966244,0.0016010780359720215,0.0,0.0
fumaça,0.003355704697986577,0.0,0.0,1.0,0.47712125471966244,0.0016010780359720215,0.0,0.0
proveniente,0.003355704697986577,0.0,0.0,1.0,0.47712125471966244,0.0016010780359720215,0.0,0.0
combustão,0.003355704697986577,0.0,0.0,1.0,0.47712125471966244,0.0016010780359720215,0.0,0.0
lenha,0.003355704697986577,0.0,0.0,1.0,0.47712125471966244,0.0016010780359720215,0.0,0.0
domicílio,0.003355704697986577,0.0,0.0,1.0,0.47712125471966244,0.0016010780359720215,0.0,0.0
radônio,0.003355704697986577,0.0,0.0,1.0,0.47712125471966244,0.0016010780359720215,0.0,0.0
relativamente,0.0,0.005076142131979695,0.0,1.0,0.6989700043360189,0.0,0.0035480710880000954,0.0
poucos,0.0,0.005076142131979695,0.0,1.0,0.6989700043360189,0.0,0.0035480710880000954,0.0
diagnosticado,0.0,0.01015228426395939,0.0,2.0,0.6989700043360189,0.0,0.007096142176000191,0.0
classificado,0.0,0.005076142131979695,0.0,1.0,0.6989700043360189,0.0,0.0035480710880000954,0.0
publicados,0.0,0.005076142131979695,0.0,1.0,0.6989700043360189,0.0,0.0035480710880000954,0.0
últimos,0.0,0.01015228426395939,0.0,2.0,0.6989700043360189,0.0,0.007096142176000191,0.0
ocorre,0.0,0.005076142131979695,0.0,1.0,0.6989700043360189,0.0,0.0035480710880000954,0.0
desenvolvidos,0.0,0.005076142131979695,0.0,1.0,0.6989700043360189,0.0,0.0035480710880000954,0.0
pulmonar,0.0,0.01015228426395939,0.0,2.0,0.6989700043360189,0.0,0.007096142176000191,0.0
células,0.0,0.025380710659898477,0.0,5.0,0.6989700043360189,0.0,0.01774035544000048,0.0
pequenas,0.0,0.01015228426395939,0.0,2.0,0.6989700043360189,0.0,0.007096142176000191,0.0
cpcnp,0.0,0.02030456852791878,0.0,4.0,0.6989700043360189,0.0,0.014192284352000381,0.0
geralmente,0.0,0.005076142131979695,0.0,1.0,0.6989700043360189,0.0,0.0035480710880000954,0.0
estágios,0.0,0.005076142131979695,0.0,1.0,0.6989700043360189,0.0,0.0035480710880000954,0.0
avançados,0.0,0.005076142131979695,0.0,1.0,0.6989700043360189,0.0,0.0035480710880000954,0.0
baixas,0.0,0.005076142131979695,0.0,1.0,0.6989700043360189,0.0,0.0035480710880000954,0.0
pacientes,0.0,0.02030456852791878,0.028901734104046242,9.0,0.6989700043360189,0.0,0.014192284352000381,0.020201445212023664
apresentam,0.0,0.005076142131979695,0.0,1.0,0.6989700043360189,0.0,0.0035480710880000954,0.0
localmente,0.0,0.005076142131979695,0.0,1.0,0.6989700043360189,0.0,0.0035480710880000954,0.0
avançada,0.0,0.005076142131979695,0.005780346820809248,2.0,0.6989700043360189,0.0,0.0035480710880000954,0.004040289042404733
metastática,0.0,0.005076142131979695,0.0,1.0,0.6989700043360189,0.0,0.0035480710880000954,0.0
estágio,0.0,0.015228426395939087,0.0,3.0,0.6989700043360189,0.0,0.010644213264000288,0.0
iii,0.0,0.005076142131979695,0.0,1.0,0.6989700043360189,0.0,0.0035480710880000954,0.0
iv,0.0,0.005076142131979695,0.0,1.0,0.6989700043360189,0.0,0.0035480710880000954,0.0
banco,0.0,0.005076142131979695,0.011560693641618497,3.0,0.6989700043360189,0.0,0.0035480710880000954,0.008080578084809466
paulo,0.0,0.015228426395939087,0.005780346820809248,4.0,0.6989700043360189,0.0,0.010644213264000288,0.004040289042404733
registrados,0.0,0.005076142131979695,0.0,1.0,0.6989700043360189,0.0,0.0035480710880000954,0.0
apresentavam,0.0,0.005076142131979695,0.0,1.0,0.6989700043360189,0.0,0.0035480710880000954,0.0
i,0.0,0.01015228426395939,0.0,2.0,0.6989700043360189,0.0,0.007096142176000191,0.0
contrastam,0.0,0.005076142131979695,0.0,1.0,0.6989700043360189,0.0,0.0035480710880000954,0.0
referentes,0.0,0.01015228426395939,0.0,2.0,0.6989700043360189,0.0,0.007096142176000191,0.0
período,0.0,0.015228426395939087,0.0,3.0,0.6989700043360189,0.0,0.010644213264000288,0.0
eua,0.0,0.015228426395939087,0.0,3.0,0.6989700043360189,0.0,0.010644213264000288,0.0
reino,0.0,0.005076142131979695,0.0,1.0,0.6989700043360189,0.0,0.0035480710880000954,0.0
unido,0.0,0.005076142131979695,0.0,1.0,0.6989700043360189,0.0,0.0035480710880000954,0.0
ensaio,0.0,0.01015228426395939,0.0,2.0,0.6989700043360189,0.0,0.007096142176000191,0.0
rastreamento,0.0,0.015228426395939087,0.0,3.0,0.6989700043360189,0.0,0.010644213264000288,0.0
realizado,0.0,0.01015228426395939,0.0,2.0,0.6989700043360189,0.0,0.007096142176000191,0.0
determinar,0.0,0.005076142131979695,0.0,1.0,0.6989700043360189,0.0,0.0035480710880000954,0.0
eficácia,0.0,0.005076142131979695,0.0,1.0,0.6989700043360189,0.0,0.0035480710880000954,0.0
janeiro,0.0,0.01015228426395939,0.0,2.0,0.6989700043360189,0.0,0.007096142176000191,0.0
julho,0.0,0.005076142131979695,0.0,1.0,0.6989700043360189,0.0,0.0035480710880000954,0.0
voluntários,0.0,0.005076142131979695,0.0,1.0,0.6989700043360189,0.0,0.0035480710880000954,0.0
ofereceram,0.0,0.005076142131979695,0.0,1.0,0.6989700043360189,0.0,0.0035480710880000954,0.0
participar,0.0,0.005076142131979695,0.0,1.0,0.6989700043360189,0.0,0.0035480710880000954,0.0
cujos,0.0,0.005076142131979695,0.0,1.0,0.6989700043360189,0.0,0.0035480710880000954,0.0
critérios,0.0,0.005076142131979695,0.0,1.0,0.6989700043360189,0.0,0.0035480710880000954,0.0
elegibilidade,0.0,0.005076142131979695,0.0,1.0,0.6989700043360189,0.0,0.0035480710880000954,0.0
mesmos,0.0,0.005076142131979695,0.0,1.0,0.6989700043360189,0.0,0.0035480710880000954,0.0
aplicados,0.0,0.005076142131979695,0.0,1.0,0.6989700043360189,0.0,0.0035480710880000954,0.0
total,0.0,0.005076142131979695,0.0,1.0,0.6989700043360189,0.0,0.0035480710880000954,0.0
participantes,0.0,0.005076142131979695,0.005780346820809248,2.0,0.6989700043360189,0.0,0.0035480710880000954,0.004040289042404733
receberam,0.0,0.005076142131979695,0.0,1.0,0.6989700043360189,0.0,0.0035480710880000954,0.0
diagnóstico,0.0,0.01015228426395939,0.0,2.0,0.6989700043360189,0.0,0.007096142176000191,0.0
classificada,0.0,0.005076142131979695,0.0,1.0,0.6989700043360189,0.0,0.0035480710880000954,0.0
publicadas,0.0,0.005076142131979695,0.005780346820809248,2.0,0.6989700043360189,0.0,0.0035480710880000954,0.004040289042404733
várias,0.0,0.005076142131979695,0.0,1.0,0.6989700043360189,0.0,0.0035480710880000954,0.0
séries,0.0,0.005076142131979695,0.011560693641618497,3.0,0.6989700043360189,0.0,0.0035480710880000954,0.008080578084809466
retrospectivas,0.0,0.005076142131979695,0.0,1.0,0.6989700043360189,0.0,0.0035480710880000954,0.0
relatados,0.0,0.005076142131979695,0.005780346820809248,2.0,0.6989700043360189,0.0,0.0035480710880000954,0.004040289042404733
única,0.0,0.005076142131979695,0.0,1.0,0.6989700043360189,0.0,0.0035480710880000954,0.0
instituição,0.0,0.005076142131979695,0.0,1.0,0.6989700043360189,0.0,0.0035480710880000954,0.0
histologia,0.0,0.005076142131979695,0.0,1.0,0.6989700043360189,0.0,0.0035480710880000954,0.0
estadiamento,0.0,0.005076142131979695,0.0,1.0,0.6989700043360189,0.0,0.0035480710880000954,0.0
curiosamente,0.0,0.005076142131979695,0.0,1.0,0.6989700043360189,0.0,0.0035480710880000954,0.0
presença,0.0,0.005076142131979695,0.0,1.0,0.6989700043360189,0.0,0.0035480710880000954,0.0
escamosas,0.0,0.015228426395939087,0.0,3.0,0.6989700043360189,0.0,0.010644213264000288,0.0
exame,0.0,0.01015228426395939,0.0,2.0,0.6989700043360189,0.0,0.007096142176000191,0.0
histológico,0.0,0.01015228426395939,0.0,2.0,0.6989700043360189,0.0,0.007096142176000191,0.0
prevalente,0.0,0.005076142131979695,0.0,1.0,0.6989700043360189,0.0,0.0035480710880000954,0.0
serviços,0.0,0.005076142131979695,0.0,1.0,0.6989700043360189,0.0,0.0035480710880000954,0.0
passo,0.0,0.005076142131979695,0.0,1.0,0.6989700043360189,0.0,0.0035480710880000954,0.0
adenocarcinoma,0.0,0.015228426395939087,0.0,3.0,0.6989700043360189,0.0,0.010644213264000288,0.0
predomina,0.0,0.005076142131979695,0.0,1.0,0.6989700043360189,0.0,0.0035480710880000954,0.0
instituições,0.0,0.005076142131979695,0.0,1.0,0.6989700043360189,0.0,0.0035480710880000954,0.0
privadas,0.0,0.005076142131979695,0.0,1.0,0.6989700043360189,0.0,0.0035480710880000954,0.0
carcinoma,0.0,0.015228426395939087,0.0,3.0,0.6989700043360189,0.0,0.010644213264000288,0.0
cpcp,0.0,0.01015228426395939,0.0,2.0,0.6989700043360189,0.0,0.007096142176000191,0.0
raças,0.0,0.005076142131979695,0.0,1.0,0.6989700043360189,0.0,0.0035480710880000954,0.0
etnias,0.0,0.005076142131979695,0.0,1.0,0.6989700043360189,0.0,0.0035480710880000954,0.0
sexos,0.0,0.005076142131979695,0.0,1.0,0.6989700043360189,0.0,0.0035480710880000954,0.0
importante,0.0,0.005076142131979695,0.0,1.0,0.6989700043360189,0.0,0.0035480710880000954,0.0
centro,0.0,0.005076142131979695,0.005780346820809248,2.0,0.6989700043360189,0.0,0.0035480710880000954,0.004040289042404733
oncológico,0.0,0.005076142131979695,0.0,1.0,0.6989700043360189,0.0,0.0035480710880000954,0.0
analisou,0.0,0.005076142131979695,0.0,1.0,0.6989700043360189,0.0,0.0035480710880000954,0.0
coletados,0.0,0.005076142131979695,0.0,1.0,0.6989700043360189,0.0,0.0035480710880000954,0.0
queda,0.0,0.005076142131979695,0.0,1.0,0.6989700043360189,0.0,0.0035480710880000954,0.0
proporção,0.0,0.005076142131979695,0.005780346820809248,2.0,0.6989700043360189,0.0,0.0035480710880000954,0.004040289042404733
diferentes,0.0,0.005076142131979695,0.0,1.0,0.6989700043360189,0.0,0.0035480710880000954,0.0
ocorrido,0.0,0.005076142131979695,0.0,1.0,0.6989700043360189,0.0,0.0035480710880000954,0.0
alterações,0.0,0.005076142131979695,0.0,1.0,0.6989700043360189,0.0,0.0035480710880000954,0.0
significativas,0.0,0.005076142131979695,0.0,1.0,0.6989700043360189,0.0,0.0035480710880000954,0.0
subgrupos,0.0,0.005076142131979695,0.0,1.0,0.6989700043360189,0.0,0.0035480710880000954,0.0
histológicos,0.0,0.005076142131979695,0.0,1.0,0.6989700043360189,0.0,0.0035480710880000954,0.0
entanto,0.0,0.005076142131979695,0.005780346820809248,2.0,0.6989700043360189,0.0,0.0035480710880000954,0.004040289042404733
avaliados,0.0,0.005076142131979695,0.0,1.0,0.6989700043360189,0.0,0.0035480710880000954,0.0
estados,0.0,0.005076142131979695,0.0,1.0,0.6989700043360189,0.0,0.0035480710880000954,0.0
rio,0.0,0.005076142131979695,0.0,1.0,0.6989700043360189,0.0,0.0035480710880000954,0.0
observou,0.0,0.005076142131979695,0.0,1.0,0.6989700043360189,0.0,0.0035480710880000954,0.0
tendência,0.0,0.005076142131979695,0.0,1.0,0.6989700043360189,0.0,0.0035480710880000954,0.0
exatos,0.0,0.0,0.005780346820809248,1.0,0.6989700043360189,0.0,0.0,0.004040289042404733
procedimentos,0.0,0.0,0.005780346820809248,1.0,0.6989700043360189,0.0,0.0,0.004040289042404733
cirúrgicos,0.0,0.0,0.011560693641618497,2.0,0.6989700043360189,0.0,0.0,0.008080578084809466
realizados,0.0,0.0,0.005780346820809248,1.0,0.6989700043360189,0.0,0.0,0.004040289042404733
tratar,0.0,0.0,0.011560693641618497,2.0,0.6989700043360189,0.0,0.0,0.008080578084809466
departamento,0.0,0.0,0.005780346820809248,1.0,0.6989700043360189,0.0,0.0,0.004040289042404733
informática,0.0,0.0,0.005780346820809248,1.0,0.6989700043360189,0.0,0.0,0.004040289042404733
sus,0.0,0.0,0.005780346820809248,1.0,0.6989700043360189,0.0,0.0,0.004040289042404733
cobre,0.0,0.0,0.005780346820809248,1.0,0.6989700043360189,0.0,0.0,0.004040289042404733
brasileira,0.0,0.0,0.011560693641618497,2.0,0.6989700043360189,0.0,0.0,0.008080578084809466
mediana,0.0,0.0,0.005780346820809248,1.0,0.6989700043360189,0.0,0.0,0.004040289042404733
lobectomias,0.0,0.0,0.011560693641618497,2.0,0.6989700043360189,0.0,0.0,0.008080578084809466
segmentectomias,0.0,0.0,0.011560693641618497,2.0,0.6989700043360189,0.0,0.0,0.008080578084809466
pulmonares,0.0,0.0,0.005780346820809248,1.0,0.6989700043360189,0.0,0.0,0.004040289042404733
realizadas,0.0,0.0,0.011560693641618497,2.0,0.6989700043360189,0.0,0.0,0.008080578084809466
anualmente,0.0,0.0,0.005780346820809248,1.0,0.6989700043360189,0.0,0.0,0.004040289042404733
possibilidade,0.0,0.0,0.005780346820809248,1.0,0.6989700043360189,0.0,0.0,0.004040289042404733
exato,0.0,0.0,0.005780346820809248,1.0,0.6989700043360189,0.0,0.0,0.004040289042404733
sido,0.0,0.0,0.005780346820809248,1.0,0.6989700043360189,0.0,0.0,0.004040289042404733
restrito,0.0,0.0,0.005780346820809248,1.0,0.6989700043360189,0.0,0.0,0.004040289042404733
qualidade,0.0,0.0,0.005780346820809248,1.0,0.6989700043360189,0.0,0.0,0.004040289042404733
questionável,0.0,0.0,0.005780346820809248,1.0,0.6989700043360189,0.0,0.0,0.004040289042404733
pequena,0.0,0.0,0.005780346820809248,1.0,0.6989700043360189,0.0,0.0,0.004040289042404733
submetida,0.0,0.0,0.005780346820809248,1.0,0.6989700043360189,0.0,0.0,0.004040289042404733
cirurgia,0.0,0.0,0.05202312138728324,9.0,0.6989700043360189,0.0,0.0,0.0363626013816426
intenção,0.0,0.0,0.005780346820809248,1.0,0.6989700043360189,0.0,0.0,0.004040289042404733
curativa,0.0,0.0,0.011560693641618497,2.0,0.6989700043360189,0.0,0.0,0.008080578084809466
sugerem,0.0,0.0,0.011560693641618497,2.0,0.6989700043360189,0.0,0.0,0.008080578084809466
submetidos,0.0,0.0,0.011560693641618497,2.0,0.6989700043360189,0.0,0.0,0.008080578084809466
tratamento,0.0,0.0,0.005780346820809248,1.0,0.6989700043360189,0.0,0.0,0.004040289042404733
cirúrgico,0.0,0.0,0.005780346820809248,1.0,0.6989700043360189,0.0,0.0,0.004040289042404733
acesso,0.0,0.0,0.005780346820809248,1.0,0.6989700043360189,0.0,0.0,0.004040289042404733
influenciado,0.0,0.0,0.005780346820809248,1.0,0.6989700043360189,0.0,0.0,0.004040289042404733
socioeconômicas,0.0,0.0,0.005780346820809248,1.0,0.6989700043360189,0.0,0.0,0.004040289042404733
performance,0.0,0.0,0.005780346820809248,1.0,0.6989700043360189,0.0,0.0,0.004040289042404733
status,0.0,0.0,0.005780346820809248,1.0,0.6989700043360189,0.0,0.0,0.004040289042404733
comorbidades,0.0,0.0,0.005780346820809248,1.0,0.6989700043360189,0.0,0.0,0.004040289042404733
distribuição,0.0,0.0,0.011560693641618497,2.0,0.6989700043360189,0.0,0.0,0.008080578084809466
geográfica,0.0,0.0,0.005780346820809248,1.0,0.6989700043360189,0.0,0.0,0.004040289042404733
secretaria,0.0,0.0,0.005780346820809248,1.0,0.6989700043360189,0.0,0.0,0.004040289042404733
probabilidade,0.0,0.0,0.005780346820809248,1.0,0.6989700043360189,0.0,0.0,0.004040289042404733
realização,0.0,0.0,0.005780346820809248,1.0,0.6989700043360189,0.0,0.0,0.004040289042404733
escolaridade,0.0,0.0,0.005780346820809248,1.0,0.6989700043360189,0.0,0.0,0.004040289042404733
atualmente,0.0,0.0,0.005780346820809248,1.0,0.6989700043360189,0.0,0.0,0.004040289042404733
existem,0.0,0.0,0.005780346820809248,1.0,0.6989700043360189,0.0,0.0,0.004040289042404733
cirurgiões,0.0,0.0,0.011560693641618497,2.0,0.6989700043360189,0.0,0.0,0.008080578084809466
torácicos,0.0,0.0,0.011560693641618497,2.0,0.6989700043360189,0.0,0.0,0.008080578084809466
concentrados,0.0,0.0,0.005780346820809248,1.0,0.6989700043360189,0.0,0.0,0.004040289042404733
regiões,0.0,0.0,0.011560693641618497,2.0,0.6989700043360189,0.0,0.0,0.008080578084809466
sul,0.0,0.0,0.005780346820809248,1.0,0.6989700043360189,0.0,0.0,0.004040289042404733
sudeste,0.0,0.0,0.005780346820809248,1.0,0.6989700043360189,0.0,0.0,0.004040289042404733
pesquisa,0.0,0.0,0.005780346820809248,1.0,0.6989700043360189,0.0,0.0,0.004040289042404733
promovida,0.0,0.0,0.005780346820809248,1.0,0.6989700043360189,0.0,0.0,0.004040289042404733
sociedade,0.0,0.0,0.005780346820809248,1.0,0.6989700043360189,0.0,0.0,0.004040289042404733
torácica,0.0,0.0,0.017341040462427744,3.0,0.6989700043360189,0.0,0.0,0.012120867127214198
disseram,0.0,0.0,0.005780346820809248,1.0,0.6989700043360189,0.0,0.0,0.004040289042404733
trabalhavam,0.0,0.0,0.005780346820809248,1.0,0.6989700043360189,0.0,0.0,0.004040289042404733
milhão,0.0,0.0,0.005780346820809248,1.0,0.6989700043360189,0.0,0.0,0.004040289042404733
absoluto,0.0,0.0,0.005780346820809248,1.0,0.6989700043360189,0.0,0.0,0.004040289042404733
adequado,0.0,0.0,0.005780346820809248,1.0,0.6989700043360189,0.0,0.0,0.004040289042404733
motivo,0.0,0.0,0.005780346820809248,1.0,0.6989700043360189,0.0,0.0,0.004040289042404733
preocupação,0.0,0.0,0.005780346820809248,1.0,0.6989700043360189,0.0,0.0,0.004040289042404733
tamanho,0.0,0.0,0.005780346820809248,1.0,0.6989700043360189,0.0,0.0,0.004040289042404733
médio,0.0,0.0,0.005780346820809248,1.0,0.6989700043360189,0.0,0.0,0.004040289042404733
densamente,0.0,0.0,0.005780346820809248,1.0,0.6989700043360189,0.0,0.0,0.004040289042404733
povoadas,0.0,0.0,0.005780346820809248,1.0,0.6989700043360189,0.0,0.0,0.004040289042404733
norte,0.0,0.0,0.005780346820809248,1.0,0.6989700043360189,0.0,0.0,0.004040289042404733
nordeste,0.0,0.0,0.005780346820809248,1.0,0.6989700043360189,0.0,0.0,0.004040289042404733
servidas,0.0,0.0,0.005780346820809248,1.0,0.6989700043360189,0.0,0.0,0.004040289042404733
videoassistida,0.0,0.0,0.011560693641618497,2.0,0.6989700043360189,0.0,0.0,0.008080578084809466
crescendo,0.0,0.0,0.005780346820809248,1.0,0.6989700043360189,0.0,0.0,0.004040289042404733
rapidamente,0.0,0.0,0.005780346820809248,1.0,0.6989700043360189,0.0,0.0,0.004040289042404733
dias,0.0,0.0,0.005780346820809248,1.0,0.6989700043360189,0.0,0.0,0.004040289042404733
maiores,0.0,0.0,0.005780346820809248,1.0,0.6989700043360189,0.0,0.0,0.004040289042404733
incluíram,0.0,0.0,0.005780346820809248,1.0,0.6989700043360189,0.0,0.0,0.004040289042404733
lobectomia,0.0,0.0,0.005780346820809248,1.0,0.6989700043360189,0.0,0.0,0.004040289042404733
internacionais,0.0,0.0,0.005780346820809248,1.0,0.6989700043360189,0.0,0.0,0.004040289042404733
revelaram,0.0,0.0,0.005780346820809248,1.0,0.6989700043360189,0.0,0.0,0.004040289042404733
melhorar,0.0,0.0,0.005780346820809248,1.0,0.6989700043360189,0.0,0.0,0.004040289042404733
espera,0.0,0.0,0.005780346820809248,1.0,0.6989700043360189,0.0,0.0,0.004040289042404733
disseminação,0.0,0.0,0.005780346820809248,1.0,0.6989700043360189,0.0,0.0,0.004040289042404733
técnicas,0.0,0.0,0.005780346820809248,1.0,0.6989700043360189,0.0,0.0,0.004040289042404733
robótica,0.0,0.0,0.005780346820809248,1.0,0.6989700043360189,0.0,0.0,0.004040289042404733
acelerem,0.0,0.0,0.005780346820809248,1.0,0.6989700043360189,0.0,0.0,0.004040289042404733
processo,0.0,0.0,0.005780346820809248,1.0,0.6989700043360189,0.0,0.0,0.004040289042404733
